<?xml version="1.0" encoding="UTF-8"?>
<definitions xmlns="http://www.omg.org/spec/BPMN/20100524/MODEL" xmlns:xsi="http://www.w3.org/2001/XMLSchema-instance" xmlns:xsd="http://www.w3.org/2001/XMLSchema" xmlns:activiti="http://activiti.org/bpmn" xmlns:bpmndi="http://www.omg.org/spec/BPMN/20100524/DI" xmlns:omgdc="http://www.omg.org/spec/DD/20100524/DC" xmlns:omgdi="http://www.omg.org/spec/DD/20100524/DI" typeLanguage="http://www.w3.org/2001/XMLSchema" expressionLanguage="http://www.w3.org/1999/XPath" targetNamespace="http://www.activiti.org/processdef">
  <process id="qinjia" isExecutable="true">
    <startEvent id="sid-73A16E0C-6282-40C3-A474-34BC72D05666"></startEvent>
    <userTask id="sid-5C2664E1-E093-4349-8C1B-5B8F72022982" name="李四审批" activiti:assignee="lisi"></userTask>
    <userTask id="sid-7AC5E3BD-7469-4F92-B2E5-0F212394DC02" name="张总经理审批" activiti:assignee="zzjl"></userTask>
    <endEvent id="sid-576A1DE2-AE95-445F-80D1-D77BC4D37484"></endEvent>
    <sequenceFlow id="sid-AE570419-707A-4610-905E-B492550D0F54" sourceRef="sid-73A16E0C-6282-40C3-A474-34BC72D05666" targetRef="sid-5C2664E1-E093-4349-8C1B-5B8F72022982"></sequenceFlow>
    <sequenceFlow id="sid-03566377-241E-42A7-B7B4-56796B6A65D6" sourceRef="sid-5C2664E1-E093-4349-8C1B-5B8F72022982" targetRef="sid-7AC5E3BD-7469-4F92-B2E5-0F212394DC02"></sequenceFlow>
    <sequenceFlow id="sid-CD34CB7F-BB16-44A1-8856-B6B1D76E41B0" sourceRef="sid-7AC5E3BD-7469-4F92-B2E5-0F212394DC02" targetRef="sid-576A1DE2-AE95-445F-80D1-D77BC4D37484"></sequenceFlow>
  </process>
  <bpmndi:BPMNDiagram id="BPMNDiagram_qinjia">
    <bpmndi:BPMNPlane bpmnElement="qinjia" id="BPMNPlane_qinjia">
      <bpmndi:BPMNShape bpmnElement="sid-73A16E0C-6282-40C3-A474-34BC72D05666" id="BPMNShape_sid-73A16E0C-6282-40C3-A474-34BC72D05666">
        <omgdc:Bounds height="30.0" width="30.0" x="180.0" y="136.0"></omgdc:Bounds>
      </bpmndi:BPMNShape>
      <bpmndi:BPMNShape bpmnElement="sid-5C2664E1-E093-4349-8C1B-5B8F72022982" id="BPMNShape_sid-5C2664E1-E093-4349-8C1B-5B8F72022982">
        <omgdc:Bounds height="80.0" width="100.0" x="288.0" y="106.0"></omgdc:Bounds>
      </bpmndi:BPMNShape>
      <bpmndi:BPMNShape bpmnElement="sid-7AC5E3BD-7469-4F92-B2E5-0F212394DC02" id="BPMNShape_sid-7AC5E3BD-7469-4F92-B2E5-0F212394DC02">
        <omgdc:Bounds height="80.0" width="100.0" x="465.0" y="105.0"></omgdc:Bounds>
      </bpmndi:BPMNShape>
      <bpmndi:BPMNShape bpmnElement="sid-576A1DE2-AE95-445F-80D1-D77BC4D37484" id="BPMNShape_sid-576A1DE2-AE95-445F-80D1-D77BC4D37484">
        <omgdc:Bounds height="28.0" width="28.0" x="630.0" y="132.0"></omgdc:Bounds>
      </bpmndi:BPMNShape>
      <bpmndi:BPMNEdge bpmnElement="sid-AE570419-707A-4610-905E-B492550D0F54" id="BPMNEdge_sid-AE570419-707A-4610-905E-B492550D0F54">
        <omgdi:waypoint x="209.9908392462538" y="150.4758447815995"></omgdi:waypoint>
        <omgdi:waypoint x="288.0" y="147.74825174825173"></omgdi:waypoint>
      </bpmndi:BPMNEdge>
      <bpmndi:BPMNEdge bpmnElement="sid-03566377-241E-42A7-B7B4-56796B6A65D6" id="BPMNEdge_sid-03566377-241E-42A7-B7B4-56796B6A65D6">
        <omgdi:waypoint x="388.0" y="146.0"></omgdi:waypoint>
        <omgdi:waypoint x="426.5" y="146.0"></omgdi:waypoint>
        <omgdi:waypoint x="426.5" y="145.0"></omgdi:waypoint>
        <omgdi:waypoint x="465.0" y="145.0"></omgdi:waypoint>
      </bpmndi:BPMNEdge>
      <bpmndi:BPMNEdge bpmnElement="sid-CD34CB7F-BB16-44A1-8856-B6B1D76E41B0" id="BPMNEdge_sid-CD34CB7F-BB16-44A1-8856-B6B1D76E41B0">
        <omgdi:waypoint x="565.0" y="145.0"></omgdi:waypoint>
        <omgdi:waypoint x="597.5" y="145.0"></omgdi:waypoint>
        <omgdi:waypoint x="597.5" y="146.0"></omgdi:waypoint>
        <omgdi:waypoint x="630.0" y="146.0"></omgdi:waypoint>
      </bpmndi:BPMNEdge>
    </bpmndi:BPMNPlane>
  </bpmndi:BPMNDiagram>
</definitions>